hournorain,t2mmax,t2mmean,t2mmin,tprecmax,t2m,ts,qv2m,prectot,speed,dmc,fwi,dsr,dc,isi,bui,ffmc,fcount_terra,frp_terra,fcount_aqua,frp_aqua,year,month,day
-0.5193,0.6598,0.745,0.6438,-0.4693,0.745,0.4083,-0.0156,-0.3919,-0.4883,-0.2055,0.7089,0.6685,-0.1733,0.7978,-0.1349,0.49,6,0.19,2,0.14,2006,6,1
-1.0186,0.5486,0.7098,1.0459,-0.104,0.7098,0.5001,0.8196,-0.033,0.2969,-0.1442,0.6383,0.7126,-0.1588,0.8226,-0.0849,0.2498,3,0.03,2,0.03,2006,6,2
-0.7695,0.7178,0.7285,0.8532,-0.2298,0.7285,0.748,1.7346,-0.2532,-0.7805,-0.1031,-0.2498,-0.2889,-0.146,-0.3025,-0.0545,0.265,3,0.05,3,0.21,2006,6,3
-0.7993,0.8429,1.0697,1.2461,-0.642,1.0697,0.9853,1.5189,-0.6493,-0.111,-0.0208,0.4305,0.3025,-0.1281,0.3305,0.0118,0.4556,1,0.02,2,0.05,2006,6,4
-0.0527,1.0098,1.0014,0.8804,-0.554,1.0014,1.0166,1.3568,-0.4844,-0.7562,0.077,-0.0649,-0.2684,-0.1071,-0.2796,0.0878,0.5054,9,0.31,8,2.55,2006,6,5
-0.4288,1.0788,1.2118,1.4584,-0.4508,1.2118,1.0713,1.364,-0.5046,-0.872,0.1706,0.4949,0.5453,-0.0845,0.5226,0.1651,0.6122,6,0.15,1,0.02,2006,6,6
-1.0642,0.7676,0.937,1.4437,0.5933,0.937,0.8011,1.765,0.0724,-0.3163,0.0848,-0.0128,-0.1758,-0.0772,-0.1494,0.0923,0.2603,0,0,6,0.17,2006,6,7
-0.4069,0.0197,0.3781,0.7256,3.5913,0.3781,0.4035,2.0245,1.9861,-0.2484,-0.1945,-0.5381,-0.6345,-0.0874,-0.6337,-0.1376,-0.2458,9,0.31,2,0.11,2006,6,8
0.0121,-0.005,0.2674,0.4714,1.8166,0.2674,0.2908,1.1804,1.6346,0.1912,-0.2182,0.2501,0.3168,-0.0891,0.3011,-0.169,-0.1316,24,1.43,10,1.31,2006,6,9
0.6934,-0.1143,-0.0893,-0.2621,-0.498,-0.0893,0.0526,0.223,-0.5015,-0.3183,-0.1969,-0.2995,-0.3675,-0.0799,-0.4084,-0.1522,0.1832,22,1.01,33,1.55,2006,6,10
0.2661,0.049,0.265,0.5053,-0.5522,0.265,0.189,0.4399,-0.4477,-0.4247,-0.1755,0.4436,0.6082,-0.0714,0.5862,-0.1337,0.1762,10,0.22,8,0.2,2006,6,11
-0.3832,-0.2236,0.0703,0.2024,-0.2336,0.0704,0.0249,0.5478,-0.1096,0.6708,-0.1417,0.8564,1.14,-0.0645,1.2354,-0.1077,0.0066,8,0.25,12,5.58,2006,6,12
-0.3316,-0.6249,-0.4385,-0.0428,1.5909,-0.4385,-0.5811,0.2502,0.9908,1.4451,-0.1592,1.113,1.8741,-0.0594,1.9504,-0.1224,-0.6096,11,0.49,17,0.3,2006,6,13
-1.0843,-1.2593,-1.322,-1.1207,2.082,-1.322,-1.2345,0.2304,1.2824,0.662,-0.1964,-1.1456,-1.1178,-0.0646,-1.2263,-0.1609,-0.9465,10,0.26,4,0.66,2006,6,14
-1.1608,-1.1476,-0.9484,-0.62,0.1031,-0.9484,-0.8574,0.6283,0.1717,-0.371,-0.2013,-0.9245,-0.9799,-0.0648,-1.0838,-0.1712,-0.6187,13,0.3,4,0.23,2006,6,15
1.0086,0.0613,-0.2018,-0.2488,-0.4477,-0.2018,-0.1827,0.477,-0.3627,0.0142,-0.1794,-0.5368,-0.6637,-0.0609,-0.7029,-0.1576,0.0456,1,0.04,2,0.04,2006,6,16
1.4659,0.5954,0.641,0.6314,-0.4981,0.641,0.5464,0.4183,-0.4689,-1.0052,-0.1486,-0.5513,-0.7782,-0.0552,-0.8029,-0.1361,0.3024,1,0.02,5,0.26,2006,6,17
1.6503,0.7015,0.7628,0.6597,-0.5121,0.7628,0.5841,0.2609,-0.4383,-0.583,-0.1162,0.3741,0.3212,-0.049,0.3327,-0.1118,0.3915,0,0,3,0.1,2006,6,18
1.3526,0.2543,0.2984,0.2173,-0.535,0.2984,0.2852,0.2162,-0.4768,0.6412,-0.101,0.629,0.7952,-0.0468,0.8216,-0.1042,0.2998,6,0.15,12,8.79,2006,6,19
1.6208,0.2349,0.1847,0.0176,-0.3882,0.1847,0.2657,0.0797,-0.3413,-0.2963,-0.0821,-0.3738,-0.5006,-0.0415,-0.5525,-0.0919,0.3396,13,0.57,31,9.16,2006,6,20
1.9222,0.445,0.4008,0.2023,-0.5351,0.4008,0.4395,-0.2185,-0.5198,-0.6752,-0.0476,-0.3082,-0.5129,-0.0374,-0.5273,-0.0675,0.5245,0,0,13,6.62,2006,6,21
1.8891,1.1048,0.786,0.5849,-0.4715,0.786,0.8334,-0.4076,-0.4864,-1.127,-0.0124,-0.6997,-0.8751,-0.0329,-0.9117,-0.0438,0.9074,3,0.14,11,0.76,2006,6,22
1.2644,1.618,1.5372,1.3225,-0.6108,1.5371,1.3167,-0.0463,-0.5515,-1.9778,0.0151,-0.5361,-0.7194,-0.0274,-0.7788,-0.0259,1.0088,0,0,2,0.07,2006,6,23
0.5374,1.7018,1.727,1.5883,-0.4277,1.727,1.6242,0.3673,-0.4055,-1.683,0.0674,-0.6152,-0.7919,-0.0202,-0.8476,0.0119,0.9012,1,0.01,3,0.04,2006,6,24
-0.8492,1.7213,1.9754,2.1155,-0.3958,1.9754,1.9222,0.6936,-0.4675,-1.155,0.1268,-0.3702,-0.6151,-0.0053,-0.6559,0.0631,0.8164,1,0.01,1,0.49,2006,6,25
-1.2769,1.4574,1.7883,2.0434,-0.099,1.7883,1.8837,1.3375,-0.3909,-1.2709,0.1952,-0.2543,-0.4784,0.0044,-0.5161,0.1178,0.7083,44,2.87,29,1.21,2006,6,26
-1.6756,0.8975,1.4083,2.0557,3.3046,1.4083,1.3815,1.9982,0.9138,-1.157,0.0422,-0.3262,-0.4817,0.0099,-0.5488,-0.0177,0.1659,76,8.54,77,4.57,2006,6,27
-2.0442,0.3279,0.6684,1.5628,3.5044,0.6684,0.6643,3.0489,2.6874,-1.2844,-0.1334,-1.8049,-1.7216,-0.0023,-1.7705,-0.1723,-0.6191,23,1.04,21,1.95,2006,6,28
-0.5528,0.3129,0.6041,1.0335,1.6695,0.6041,0.7882,2.5467,0.5636,-1.7822,-0.1495,-1.2976,-1.4721,0.0097,-1.532,-0.1738,-0.1488,32,5.69,32,2,2006,6,29
-0.2476,0.4201,0.7832,1.0018,-0.417,0.7832,0.9557,1.534,-0.407,-1.2686,-0.0942,-0.8441,-1.0182,0.0168,-1.0708,-0.1244,0.0041,20,0.91,22,1.49,2006,6,30
-0.1725,0.4642,0.7248,0.8865,-0.3499,0.7248,0.8645,1.3828,-0.4185,-1.0982,-0.3001,-0.6298,-0.7797,0.0155,-0.8291,-0.3063,-0.1349,34,2.17,50,2.32,2006,7,1
-0.4758,0.3431,0.6842,0.7722,-0.1557,0.6842,0.7035,1.1089,-0.177,-0.2905,-0.3078,-0.1337,-0.269,0.0194,-0.3021,-0.31,-0.1047,28,1.54,37,14.36,2006,7,2
-0.7339,0.2414,0.4744,0.6579,1.6724,0.4745,0.4849,1.3303,1.0804,-0.5961,-0.4125,-0.8163,-0.882,0.0031,-0.9524,-0.4159,-0.6249,4,0.09,14,0.63,2006,7,3
-1.6608,-0.2089,0.2031,0.7305,1.0217,0.2031,0.1118,1.5186,1.0887,-0.7005,-0.5085,-1.1635,-0.9793,-0.0157,-1.0404,-0.5095,-1.8274,13,2.14,10,0.26,2006,7,4
-1.4997,-0.6921,-0.2003,0.2972,1.222,-0.2003,-0.1149,1.5515,1.5314,-0.4672,-0.5464,-1.151,-1.1692,-0.0278,-1.2258,-0.5524,-1.4356,12,0.36,12,0.67,2006,7,5
-0.7697,-0.993,-0.4609,-0.0937,2.6882,-0.4609,-0.4073,1.0938,1.5777,0.3875,-0.6399,-0.7638,-0.7684,-0.0493,-0.7938,-0.6551,-1.1811,7,0.11,20,1.37,2006,7,6
0.2447,0.1079,-0.306,-0.5046,-0.1644,-0.306,-0.2743,0.2247,-0.1595,-0.8137,-0.5712,-0.9487,-0.9299,-0.0464,-0.9468,-0.5898,-0.289,19,0.68,8,0.67,2006,7,7
-0.28,0.5285,0.6945,0.8609,-0.2283,0.6945,0.7049,0.642,-0.3361,-1.4825,-0.5335,-1.035,-1.1906,-0.0343,-1.1938,-0.5448,0.1949,21,1.29,20,0.61,2006,7,8
-0.7804,0.3787,0.7486,1.0141,0.4727,0.7486,0.9199,1.1975,0.3806,-1.5534,-0.542,-1.2542,-1.3214,-0.0585,-1.3387,-0.5561,0.0319,21,2.07,8,0.73,2006,7,9
-0.4696,0.4408,0.6564,0.655,0.4633,0.6564,0.8088,1.2301,0.3032,-0.8556,-0.512,-0.3931,-0.554,-0.0519,-0.5559,-0.5216,0.0885,27,1.95,29,12.16,2006,7,10
0.6748,0.1276,0.5206,0.4676,-0.4024,0.5207,0.4569,0.3559,-0.4416,0.6659,-0.4593,1.1973,1.1326,-0.0435,1.193,-0.4663,0.2097,25,9.71,81,45.25,2006,7,11
0.897,-0.1749,-0.2409,-0.322,-0.3993,-0.2409,-0.255,-0.5616,-0.3494,1.6156,-0.3865,1.0362,1.1219,-0.0328,1.1589,-0.3943,0.2381,140,30.42,146,44.98,2006,7,12
1.3555,0.4263,0.118,0.0141,-0.3411,0.118,0.0628,-0.5467,-0.3261,-0.3214,-0.2772,0.1086,-0.0255,-0.0003,-0.0324,-0.2814,0.5763,96,35.45,106,11.61,2006,7,13
1.3322,0.8822,0.8276,0.6301,-0.3833,0.8276,0.5666,-0.7063,-0.4059,-0.9287,-0.2068,0.3218,0.1643,0.0283,0.1417,-0.2042,0.7428,82,11.52,58,37.77,2006,7,14
1.0948,1.3044,1.1523,0.8082,-0.5138,1.1523,1.0533,-0.4737,-0.529,-0.6941,-0.307,0.2995,0.1839,0.0268,0.179,-0.2828,0.8278,71,4.42,100,7.04,2006,7,15
0.2797,1.4668,1.426,1.2571,-0.4504,1.426,1.3688,-0.0591,-0.5121,-1.1419,-0.2508,-0.3025,-0.4884,0.0371,-0.5484,-0.226,1.0249,51,3.26,22,2.05,2006,7,16
-0.3197,1.577,1.4039,1.2669,-0.2692,1.4039,1.4186,0.5825,-0.391,-0.8837,-0.245,-0.4455,-0.6089,0.0486,-0.665,-0.2239,0.8025,28,2.32,25,0.99,2006,7,17
-1.2378,1.2615,1.2605,1.417,4.0448,1.2605,1.2588,1.3497,2.5847,-0.7221,-0.1589,-0.228,-0.4079,0.0773,-0.458,-0.137,0.3844,25,3.46,23,17,2006,7,18
-1.8077,0.8965,1.3092,1.7418,0.2249,1.3092,1.3114,1.7906,0.1284,-1.0427,-0.1376,-0.5713,-0.7257,0.0959,-0.7868,-0.1073,-0.0965,28,2.24,11,0.58,2006,7,19
-1.6808,1.0332,1.4822,1.8141,0.5955,1.4822,1.5804,1.7257,0.2621,-2.1111,-0.1169,-1.1503,-1.2828,0.0903,-1.3203,-0.0931,-0.0892,6,0.22,1,0.01,2006,7,20
-1.6497,1.5339,1.8486,2.1437,0.103,1.8486,1.9492,1.6776,0.1581,-1.6766,-0.0197,-0.5376,-0.6947,0.1356,-0.751,0.0086,0.1422,36,3.35,27,4.36,2006,7,21
-0.7835,1.9442,2.2501,2.4501,-0.0874,2.2501,2.2906,1.7743,-0.352,-2.1097,0.0292,-0.3734,-0.5936,0.1778,-0.6449,0.0713,0.3911,6,0.06,4,0.1,2006,7,22
-1.0754,1.9112,2.412,2.6744,0.1812,2.412,2.4102,1.6265,-0.0173,-1.6461,-0.2576,-0.5583,-0.6979,0.1902,-0.7566,-0.1759,0.145,44,5,24,5.26,2006,7,23
-0.8915,2.0842,2.5086,2.5723,0.1898,2.5087,2.588,1.8771,0.3322,-1.1198,-0.2484,-0.7068,-0.7699,0.2311,-0.8349,-0.1499,-0.0154,63,9.14,45,2.5,2006,7,24
-0.9518,2.1019,2.5597,2.53,0.2441,2.5597,2.6712,1.9285,0.3253,-0.7958,-0.2475,-0.413,-0.549,0.2586,-0.6208,-0.1582,0.1464,67,5.43,67,21.78,2006,7,25
-0.5519,1.7683,1.9886,2.0022,0.3168,1.9886,2.0647,1.8121,0.2049,0.2043,-0.2213,-0.0621,-0.1875,0.2473,-0.2316,-0.1404,0.1084,59,4.31,53,2.33,2006,7,26
-0.5411,1.1948,1.6168,1.9062,-0.2843,1.6168,1.6479,1.465,-0.1883,0.0941,-0.1999,-0.1299,-0.2301,0.2653,-0.2827,-0.1161,0.0176,163,15.96,186,54.28,2006,7,27
-0.916,0.5602,0.8898,1.1336,0.532,0.8898,1.0096,1.609,0.3096,0.6152,-0.2004,-0.2299,-0.2962,0.234,-0.335,-0.1348,-0.2698,204,15.7,132,13.69,2006,7,28
-0.8648,-0.4856,-0.0579,0.5295,1.4409,-0.0579,0.1293,1.925,1.6106,0.4771,-0.2266,-0.6305,-0.614,0.2271,-0.6461,-0.1708,-1.0912,291,32.08,183,10.57,2006,7,29
-0.7148,-1.0628,-0.5,-0.0088,-0.2579,-0.5,-0.2008,1.2539,-0.1793,0.9888,-0.1614,-0.1885,-0.2793,0.2339,-0.3032,-0.1114,-0.6198,109,7.84,72,13.97,2006,7,30
-0.6872,-1.6832,-1.0199,-0.4038,-0.1915,-1.0199,-0.7463,0.5268,-0.1333,1.6553,-0.0805,-0.1441,-0.2147,0.2398,-0.236,-0.0392,-0.6815,97,4.14,65,5.19,2006,7,31
0.254,-1.8931,-1.7882,-1.5009,0.0585,-1.7882,-1.3153,0.2015,0.1939,0.64,-0.0726,-0.8467,-0.9041,0.2433,-0.8966,-0.0309,-0.6834,40,1.25,28,2.15,2006,8,1
1.0166,-1.0893,-1.1652,-1.0935,-0.4179,-1.1652,-0.8918,-0.3584,-0.3679,-0.5871,-0.0078,-0.7688,-0.9256,0.261,-0.942,0.036,-0.0648,48,1.33,12,0.38,2006,8,2
0.1264,-0.8681,-0.5358,-0.3299,-0.3375,-0.5358,-0.3416,0.0587,-0.314,-0.8097,0.0532,-0.4634,-0.6346,0.2968,-0.6687,0.1006,-0.0644,58,1.24,79,2.24,2006,8,3
-0.6846,-0.9733,-0.4498,-0.1618,-0.3184,-0.4498,-0.2287,0.765,-0.24,0.4656,0.0225,-0.1542,-0.2643,0.3062,-0.2715,0.0714,-0.3065,48,2.4,25,2.05,2006,8,4
-0.5091,-0.9419,-0.6335,-0.4554,-0.3902,-0.6335,-0.3691,0.6474,-0.325,-0.3127,0.0734,-0.6841,-0.8261,0.3186,-0.8765,0.1236,-0.2341,70,1.75,93,5.93,2006,8,5
0.2378,-0.5206,-0.3243,-0.2399,-0.4918,-0.3243,-0.2712,0.2633,-0.4827,-0.5857,0.0967,-0.354,-0.4583,0.3276,-0.4998,0.1532,-0.1982,9,0.2,7,0.27,2006,8,6
0.6438,-0.5018,-0.3526,-0.2908,-0.2887,-0.3526,-0.4268,0.1741,-0.319,0.7976,0.1257,0.9565,1.1792,0.3345,1.2334,0.1859,-0.2129,21,0.37,36,1.65,2006,8,7
0.6667,-0.4101,-0.7071,-0.8034,-0.2616,-0.7071,-0.7519,-0.3456,-0.257,0.9162,0.2074,0.7872,0.9534,0.3696,0.9718,0.2746,0.1442,9,0.23,3,0.85,2006,8,8
0.8695,0.1976,-0.1342,-0.2057,-0.4771,-0.1342,-0.002,-0.3215,-0.491,-0.8775,0.0298,-0.5684,-0.7405,0.2929,-0.7812,0.0726,0.3385,12,0.7,17,0.97,2006,8,9
0.5571,0.357,0.5458,0.5627,-0.4448,0.5458,0.3068,0.0367,-0.3847,-0.6124,-0.0712,0.5444,0.5743,0.1024,0.5395,-0.0378,0.1921,27,0.58,25,1.03,2006,8,10
0.6928,0.0081,0.1425,0.1357,-0.4384,0.1426,0.1475,0.0893,-0.4383,0.5564,-0.0617,0.5831,0.5243,0.0921,0.4888,-0.0355,0.3979,22,0.65,20,1.34,2006,8,11
0.8708,-0.4907,-0.5286,-0.6738,-0.5305,-0.5286,-0.4683,-0.4058,-0.4861,0.7429,-0.0298,0.5109,0.4865,0.1043,0.4622,-0.0007,0.355,38,1.19,23,0.93,2006,8,12
1.3054,-0.4209,-0.6933,-0.9071,-0.5249,-0.6933,-0.5904,-0.6033,-0.4707,0.3118,0.0227,0.3637,0.325,0.1204,0.2872,0.0536,0.4398,29,0.98,18,2.31,2006,8,13
0.811,-0.3292,-0.2082,-0.2278,-0.4707,-0.2082,-0.2461,-0.3158,-0.4474,0.2394,0.0862,0.8703,0.9094,0.1474,0.8739,0.1216,0.4445,48,6.5,71,2.56,2006,8,14
0.9509,-0.4051,-0.2922,-0.4134,-0.4478,-0.2922,-0.2348,-0.3184,-0.435,0.6789,0.1606,0.6263,0.6715,0.1691,0.6281,0.1959,0.373,74,5.55,55,13.21,2006,8,15
0.65,-0.9003,-0.6735,-0.6964,-0.3995,-0.6735,-0.7902,-0.5393,-0.3635,1.7639,0.19,1.5652,1.9766,0.1875,1.9795,0.2298,0.2975,158,33.93,235,46.53,2006,8,16
0.298,-0.8965,-1.3138,-1.474,-0.2659,-1.3138,-1.132,-0.9956,-0.226,0.5114,0.2079,0.054,-0.0378,0.1964,-0.0969,0.2478,0.3399,181,35.57,55,10.24,2006,8,17
0.433,-0.3458,-0.6564,-0.9879,-0.402,-0.6564,-0.6213,-1.3815,-0.2824,-0.7909,0.2568,-0.2674,-0.4926,0.2092,-0.5643,0.2954,0.4289,77,4.87,68,4.9,2006,8,18
1.0817,0.1261,0.1932,0.021,-0.4164,0.1932,0.0277,-1.2156,-0.4129,-1.3379,0.3146,0.0037,-0.1846,0.2358,-0.2312,0.3535,0.5185,43,0.85,24,1.34,2006,8,19
0.8345,0.5258,0.3647,0.0729,-0.5779,0.3647,0.2186,-1.0746,-0.6014,-0.6804,0.3818,0.4483,0.3335,0.2601,0.2821,0.4188,0.689,20,0.48,4,0.22,2006,8,20
0.9452,0.7175,0.5757,0.3053,-0.4825,0.5757,0.3643,-0.9563,-0.4338,-0.0321,0.4205,0.8585,0.8282,0.2747,0.7856,0.456,0.745,141,49.66,139,54.77,2006,8,21
0.0966,1.1054,1.0549,0.8413,-0.3849,1.0549,0.7505,-0.3866,-0.4049,0.1232,0.4626,1.0832,1.1562,0.3004,1.1318,0.4959,0.7287,26,1.49,24,3.56,2006,8,22
-0.624,0.8231,1.0227,1.0731,-0.1916,1.0227,0.9486,0.018,-0.0774,1.0606,0.5485,1.7201,2.0788,0.3309,2.1411,0.5819,0.7265,0,0,49,1.35,2006,8,23
0.2374,0.2711,0.3849,0.2404,-0.5267,0.3848,0.3576,-0.8141,-0.4825,0.7849,0.5883,1.4592,1.6182,0.3402,1.5759,0.6172,0.8822,70,7.04,33,4.54,2006,8,24
0.9914,-0.2797,-0.4029,-0.5527,-0.5934,-0.4029,-0.3463,-0.9061,-0.5165,1.1052,0.6247,1.0006,1.0862,0.3416,1.0147,0.6504,0.701,46,1.17,31,0.78,2006,8,25
1.0868,-0.5701,-0.7488,-0.8837,-0.4207,-0.7488,-0.5567,-0.8341,-0.4556,0.1788,0.6452,-0.0325,-0.1672,0.3528,-0.2908,0.6724,0.5267,31,1.06,21,2.11,2006,8,26
1.3522,0.1569,-0.257,-0.5502,-0.4974,-0.257,-0.199,-0.9141,-0.5179,-0.855,0.7007,-0.4569,-0.5736,0.3756,-0.6961,0.7282,0.6525,20,0.63,26,1.17,2006,8,27
1.1747,0.561,0.4346,0.0555,-0.362,0.4346,0.1856,-0.9631,-0.3601,-0.734,0.7507,0.1853,0.0282,0.3913,-0.0811,0.7721,0.6707,41,2.05,51,3.48,2006,8,28
-0.6134,0.2387,0.3282,0.3936,-0.4294,0.3282,0.1312,-0.7034,-0.3566,0.6215,0.7862,1.5063,1.6689,0.419,1.5974,0.8027,0.5819,31,0.96,23,3.56,2006,8,29
0.9122,0.1473,-0.0511,-0.2647,-0.6004,-0.0511,0.0198,-0.5924,-0.502,0.6796,0.8127,1.2113,1.3756,0.4462,1.2948,0.8255,0.6362,34,1.1,51,2.23,2006,8,30
1.0347,0.2433,-0.0779,-0.4238,-0.5924,-0.0779,0.0485,-1.1005,-0.5469,0.1274,0.846,0.2209,0.0845,0.4647,-0.0322,0.8588,0.8511,19,0.42,13,0.57,2006,8,31
-0.7411,-0.352,-0.361,-0.2799,-0.5812,-0.361,-0.3151,-0.4908,-0.5639,0.2185,-0.4422,0.2464,0.1737,0.2498,0.2814,-0.3695,0.332,7,0.09,6,1.63,2008,6,1
0.763,-0.3728,-0.3537,-0.6648,-0.5516,-0.3537,-0.2574,-0.7006,-0.554,0.2961,-0.3791,0.065,-0.1165,0.2602,0.0313,-0.2969,0.4819,8,1.13,11,0.27,2008,6,2
0.3444,-0.3864,-0.3546,-0.3078,-0.2042,-0.3546,-0.3996,-0.5853,-0.1133,1.0156,-0.3647,0.2267,0.1496,0.2614,0.2947,-0.2779,-0.0335,9,0.47,3,0.1,2008,6,3
-0.7512,-0.8194,-1.1337,-0.8983,0.8602,-1.1337,-1.1397,-0.157,0.8072,3.3003,-0.447,0.6727,1.1767,0.2017,1.1643,-0.3859,-0.7021,4,0.03,2,0.04,2008,6,4
0.5574,-0.6879,-1.2415,-1.7256,-0.5321,-1.2415,-1.1144,-1.7963,-0.4963,1.2409,-0.3611,-0.6267,-0.8249,0.2111,-0.7612,-0.3027,0.2115,5,0.14,6,0.19,2008,6,5
0.8927,-0.1651,-0.2748,-0.3912,-0.5513,-0.2748,-0.3431,-1.0337,-0.52,0.7486,-0.2885,0.8784,0.8614,0.2252,1.0813,-0.227,0.4883,10,0.2,9,0.55,2008,6,6
0.9177,-0.3767,-0.6106,-0.9552,-0.514,-0.6106,-0.506,-1.2416,-0.4986,1.4157,-0.2685,0.0965,-0.1242,0.2254,-0.0119,-0.2019,0.5433,4,0.12,9,0.44,2008,6,7
1.6144,-0.1333,-0.4807,-0.849,-0.6174,-0.4807,-0.406,-1.6838,-0.6474,-0.18,-0.2204,-0.2113,-0.4481,0.2295,-0.386,-0.1533,0.7747,7,0.26,5,0.49,2008,6,8
1.3866,0.7026,0.3595,-0.0698,-0.7654,0.3595,0.1635,-1.4376,-0.6779,-0.6773,-0.1664,0.3174,0.0202,0.2433,0.1978,-0.0922,0.8556,17,1.04,29,1.14,2008,6,9
0.1152,0.7237,0.4075,0.1498,-0.4867,0.4075,0.2252,-0.9044,-0.5174,1.9529,-0.1236,2.2053,2.514,0.2556,2.8023,-0.0449,0.8491,20,1.55,25,3.18,2008,6,10
1.1978,-0.1851,-0.959,-1.8254,-0.6193,-0.959,-0.7926,-2.1878,-0.4947,1.8026,-0.0925,0.5932,0.3959,0.2592,0.4379,-0.0125,0.7395,56,13.5,69,16.66,2008,6,11
1.9423,0.1551,-0.2961,-0.9888,-0.5684,-0.2961,-0.3259,-2.5925,-0.515,-0.7597,-0.0338,0.049,-0.2505,0.2666,-0.2312,0.0434,0.899,72,9.81,59,11.34,2008,6,12
2.0903,1.0151,0.5808,0.1413,-0.474,0.5808,0.4302,-1.9156,-0.427,-1.0099,0.0258,0.3381,0.0292,0.2812,0.0706,0.104,0.9298,88,9.89,68,28.84,2008,6,13
1.7596,0.9847,0.995,0.91,-0.4508,0.995,0.7711,-1.1669,-0.4217,-1.1842,0.0839,0.8553,0.6606,0.2929,0.6691,0.1614,0.8737,57,6.3,65,5.39,2008,6,14
1.2572,0.9122,0.8795,0.6277,-0.4465,0.8795,0.8863,-1.0981,-0.3884,-0.3139,0.1213,0.6874,0.5223,0.2992,0.4691,0.1967,0.779,14,2.48,8,1.09,2008,6,15
1.3048,0.9269,0.9083,0.7333,-0.4561,0.9083,0.8164,-1.3348,-0.3592,-0.516,0.1559,0.73,0.5659,0.3047,0.5325,0.2287,0.6915,26,0.85,32,1.43,2008,6,16
0.4445,0.8756,0.8796,0.7668,-0.5058,0.8796,0.8043,-1.0983,-0.474,-0.113,0.1966,0.9616,0.9478,0.3105,0.9363,0.2659,0.8484,35,3.07,30,11.2,2008,6,17
0.7828,0.745,0.6909,0.2971,-0.5282,0.6909,0.6608,-1.5833,-0.4563,0.8865,0.2427,1.0317,0.845,0.3161,0.8412,0.3067,1.0866,60,12.64,64,5.79,2008,6,18
0.4018,0.9012,0.8088,0.5621,-0.5595,0.8087,0.7401,-1.72,-0.5204,-0.5583,0.2754,0.338,0.0318,0.3205,-0.0691,0.3344,1.1964,41,3.09,46,8.53,2008,6,19
-0.4359,1.3802,1.3689,1.2384,-0.4038,1.3689,1.2196,-1.4646,-0.3638,-1.5747,0.2937,0.2188,-0.099,0.3297,-0.1935,0.3532,1.2095,30,3.18,37,2.24,2008,6,20
0.0051,1.3969,1.7476,1.9657,-0.141,1.7476,1.5948,-0.698,-0.3876,-0.8451,0.3422,1.0545,0.839,0.3374,0.7547,0.3977,1.2504,31,1.69,29,1.12,2008,6,21
-0.5633,0.9073,1.1573,1.2169,-0.1601,1.1573,1.2443,-0.1536,-0.3758,0.5979,0.3717,1.3836,1.3343,0.3411,1.245,0.4229,1.1253,195,12.78,128,20.13,2008,6,22
0.7693,0.5331,0.562,0.3434,-0.6055,0.562,0.7216,-0.8011,-0.5489,-0.0574,0.3878,0.3831,0.1705,0.3427,0.0647,0.4354,1.0519,474,29.92,652,31.54,2008,6,23
0.937,0.5093,0.4436,0.1774,-0.4444,0.4436,0.5495,-0.9688,-0.4103,-0.5524,0.4366,0.3235,0.1065,0.3464,0.0044,0.4764,0.8859,294,21.21,126,20.87,2008,6,24
1.2714,0.2608,0.3292,0.2441,-0.4085,0.3292,0.3071,-0.5676,-0.4558,-0.0129,0.4759,1.1453,1.0532,0.3561,0.9818,0.5143,0.6518,257,9.45,385,11.13,2008,6,25
1.0515,0.1619,0.0871,0.0258,-0.6589,0.0871,0.2234,-0.2108,-0.6267,-0.23,0.5451,0.131,-0.0616,0.3621,-0.1543,0.575,0.593,230,17.46,147,10.69,2008,6,26
1.025,0.4231,0.3843,0.2849,-0.5321,0.3843,0.4598,-0.2682,-0.449,-0.758,0.5831,0.1457,-0.0394,0.3668,-0.1505,0.606,0.5786,289,12.9,261,12.57,2008,6,27
1.2036,0.6735,0.6514,0.6037,-0.5026,0.6514,0.6844,-0.3609,-0.4633,-1.0327,0.6184,0.0238,-0.1716,0.3722,-0.2713,0.6339,0.5509,200,6.31,164,19.93,2008,6,28
1.0863,0.8885,0.9248,0.899,-0.5766,0.9248,0.9467,-0.3903,-0.4811,-1.0786,0.6739,0.2067,-0.0689,0.3846,-0.1541,0.6812,0.5555,223,27.73,155,32.51,2008,6,29
0.3095,0.6527,0.8796,0.9659,-0.4781,0.8796,0.8515,-0.4045,-0.4448,-0.1371,0.7025,1.0697,1.0939,0.3907,1.0371,0.7006,0.5892,249,11.42,245,18.53,2008,6,30
-0.2503,0.4943,0.5246,0.5328,-0.4176,0.5246,0.6102,-0.347,-0.4824,-0.3951,0.747,0.4933,0.4045,0.3995,0.3353,0.7407,0.6069,148,20.17,76,15.62,2008,7,1
0.9753,0.7422,0.6393,0.4637,-0.3542,0.6393,0.6555,-0.7878,-0.4091,-0.5136,0.7726,0.3999,0.2399,0.4041,0.1466,0.763,0.7437,225,13.54,335,13.01,2008,7,2
1.0122,0.7831,0.8323,0.7374,-0.4854,0.8323,0.7372,-0.5017,-0.477,0.0618,0.7895,1.488,1.4814,0.4081,1.4078,0.7768,0.8167,154,14.14,87,21.23,2008,7,3
-0.7428,0.3216,0.3597,0.4417,-0.3923,0.3597,0.3781,0.2504,-0.3664,1.1274,0.8245,1.4321,1.4813,0.4101,1.4204,0.805,0.4392,140,11.11,147,7.99,2008,7,4
0.2599,0.1749,0.1774,0.1588,-0.43,0.1774,0.3666,0.0356,-0.4268,-0.5574,0.9223,0.231,0.1373,0.4212,0.004,0.8918,0.5748,115,7.01,84,14.5,2008,7,5
0.0623,0.5474,0.5447,0.5131,-0.4316,0.5447,0.7565,0.0654,-0.3632,-0.7058,0.9802,-0.0868,-0.2292,0.4399,-0.3484,0.9525,0.4944,113,5.28,79,4.21,2008,7,6
1.2327,1.3644,1.1498,0.7415,-0.4369,1.1498,1.3952,-0.1592,-0.3884,-1.0206,0.9924,-0.4541,-0.6261,0.453,-0.7121,0.9671,0.7573,235,16.83,245,27.01,2008,7,7
1.4286,1.6981,1.6903,1.3584,-0.426,1.6903,1.793,-0.4304,-0.4614,-0.5083,0.9791,-0.0143,-0.2577,0.4691,-0.374,0.9586,0.9235,332,38.97,221,36.91,2008,7,8
0.9076,1.7393,1.7166,1.5203,-0.4516,1.7166,1.8194,-0.6191,-0.4703,-0.5862,1.0161,-0.0366,-0.2422,0.4826,-0.3529,0.9922,0.9717,462,29,687,42.47,2008,7,9
0.7768,1.6408,1.7181,1.6571,-0.5114,1.7181,1.6228,-0.1856,-0.4855,-0.9149,0.8273,0.0025,-0.1623,0.4371,-0.2651,0.8071,0.6646,297,22.58,266,63.22,2008,7,10
0.1411,1.0068,0.7751,0.6052,-0.3854,0.7751,0.9601,0.5514,-0.36,0.8479,0.7638,-0.2398,-0.3766,0.4268,-0.4795,0.7483,0.3186,332,18.22,433,20.63,2008,7,11
0.0471,0.104,0.2399,0.4528,-0.2559,0.2399,0.4228,0.8151,-0.1995,-0.7894,0.4456,-1.0234,-1.1216,0.413,-1.1925,0.4557,-0.2827,167,9.22,106,10.63,2008,7,12
-0.7361,-0.2816,0.1749,0.6073,0.1985,0.175,0.2189,1.2928,0.3107,-1.8329,-0.2251,-1.7315,-1.6147,0.2777,-1.6936,-0.2053,-1.7383,115,2.56,80,2.55,2008,7,13
-1.1856,-0.4685,0.1099,0.564,0.0385,0.1099,0.3213,1.4024,0.189,-1.0544,-0.2221,-1.1303,-1.1892,0.2988,-1.2315,-0.1958,-0.8632,100,3.01,90,3.13,2008,7,14
-1.0866,-0.4962,0.0077,0.4827,-0.2663,0.0077,0.2298,1.5615,-0.1466,-0.2907,-0.312,-1.0173,-0.9846,0.2972,-1.0286,-0.2749,-1.2554,70,2.26,28,1.1,2008,7,15
-0.3505,-0.0871,0.129,0.3165,0.0076,0.129,0.259,1.1495,0.3357,-0.775,-0.2943,-1.0827,-1.1043,0.2949,-1.1612,-0.2586,-0.7688,133,8.01,217,9.96,2008,7,16
0.0039,0.2413,0.2952,0.2059,-0.4878,0.2952,0.3429,0.0902,-0.495,-0.6233,-0.2411,-0.4332,-0.554,0.3051,-0.5886,-0.2046,0.2613,97,6.6,65,8.51,2008,7,17
1.1811,0.4853,0.3215,0.0961,-0.5835,0.3215,0.3914,-0.4186,-0.6493,-0.764,-0.1498,-0.0434,-0.2533,0.3334,-0.2712,-0.1055,0.643,145,5.97,213,7.55,2008,7,18
1.1641,0.6814,0.4442,0.1184,-0.4454,0.4442,0.28,-0.6152,-0.4536,-0.1132,-0.0707,0.7947,0.6939,0.3544,0.7025,-0.0187,0.6561,85,3.3,71,9.57,2008,7,19
-0.6841,-0.0188,-0.0169,0.3847,0.1972,-0.0169,0.0143,0.4693,0.1684,0.8225,-0.134,-0.2195,-0.3679,0.326,-0.3989,-0.0877,-0.2864,169,6.18,136,6.81,2008,7,20
-1.5665,-0.6989,-0.4773,-0.0801,0.3139,-0.4773,-0.1912,1.5696,0.8315,-0.7727,-0.5901,-1.4772,-1.5089,0.2561,-1.5467,-0.5384,-1.0101,187,12.35,136,10.77,2008,7,21
0.0993,-0.378,-0.4012,-0.4549,0.8223,-0.4012,-0.2489,0.1647,0.0204,-0.0466,-0.6198,-0.1379,-0.2091,0.2674,-0.1479,-0.5519,-0.0695,127,3.88,73,4.68,2008,7,22
1.0866,-0.0089,-0.3055,-0.5856,-0.8171,-0.3055,-0.3316,-1.0115,-0.7173,-0.3015,-0.4997,0.3355,0.1946,0.2864,0.2479,-0.4235,0.5669,199,5.66,158,5.33,2008,7,23
1.1876,0.505,0.014,-0.3498,-0.5796,0.014,-0.1918,-1.3704,-0.6089,-0.2417,-0.3793,0.6857,0.577,0.3306,0.5974,-0.2877,0.912,63,2.79,29,2.48,2008,7,24
1.2056,0.8645,0.4122,0.0233,-0.6023,0.4121,0.1337,-1.1634,-0.568,0.225,-0.2634,1.1793,1.2074,0.3655,1.2248,-0.1631,0.889,96,3.65,213,8.03,2008,7,25
0.9617,0.4889,0.5105,0.3122,-0.4605,0.5105,0.365,-0.7126,-0.4869,0.4938,-0.1972,0.8378,0.8083,0.3762,0.7839,-0.0904,0.6079,76,6.35,106,51.21,2008,7,26
0.3356,-0.1284,-0.1191,-0.0623,-0.4077,-0.1191,-0.0791,-0.0197,-0.3705,1.2591,-0.1448,1.0976,1.1686,0.3957,1.1817,-0.0294,0.3633,139,7.54,171,11.42,2008,7,27
1.1035,-0.5097,-0.6665,-0.812,-0.3974,-0.6665,-0.4682,-0.2375,-0.388,0.8806,-0.1134,0.5923,0.5401,0.4131,0.5171,0.0067,0.3295,75,4.85,92,9.17,2008,7,28
0.4258,-0.6022,-0.4525,-0.2222,-0.6525,-0.4525,-0.5154,-0.4899,-0.5526,0.6751,-0.0725,0.9023,0.7885,0.4186,0.7641,0.0536,0.4066,115,5.65,68,4.56,2008,7,29
1.4192,-0.2449,-0.6368,-0.9119,-0.6195,-0.6368,-0.4343,-0.8018,-0.6371,0.3752,0.0222,0.3657,0.2138,0.4314,0.176,0.1513,0.6732,147,5.65,108,6.48,2008,7,30
0.8815,0.2433,-0.0761,-0.3262,-0.4397,-0.0761,-0.1243,-1.0263,-0.4459,0.0325,0.1428,0.8323,0.7273,0.4565,0.6681,0.2735,0.7427,8,0.48,44,3.82,2008,7,31
1.272,0.5943,0.0911,-0.2756,-0.4932,0.0911,0.1618,-0.9386,-0.4947,0.5078,0.2039,0.6012,0.4976,0.4804,0.4355,0.3394,0.7092,101,2.42,143,4.95,2008,8,1
1.1043,0.607,0.3566,-0.0468,-0.4248,0.3566,0.4111,-0.8434,-0.3729,1.0111,0.273,1.0908,1.1262,0.5025,1.0838,0.4096,0.584,38,0.96,24,2.36,2008,8,2
0.9943,0.3497,0.1928,-0.0736,-0.3468,0.1928,0.2781,-0.7579,-0.3244,0.8622,0.3392,0.9083,0.8742,0.5428,0.8233,0.4803,0.6031,64,1.45,91,2.61,2008,8,3
-0.0379,0.2832,0.2673,0.2969,-0.4244,0.2672,0.2214,-0.3499,-0.3281,-0.099,0.3025,0.0183,-0.0981,0.4605,-0.215,0.4145,0.1871,60,3.7,38,4.39,2008,8,4
-1.6809,0.0557,0.3689,0.9545,-0.0613,0.3689,0.307,0.4495,-0.0209,-1.4023,0.265,-0.9288,-0.9922,0.4582,-1.0951,0.3569,-0.3606,124,4.61,138,8.71,2008,8,5
-1.706,0.3538,0.5028,0.7707,2.0254,0.5027,0.7914,1.5464,1.4717,-1.0549,0.2219,-1.1625,-1.1347,0.424,-1.2292,0.2856,-0.5151,70,4.2,41,3,2008,8,6
-0.6651,0.2844,0.6963,1.0029,-0.349,0.6963,0.857,1.5855,-0.3629,-1.1071,0.2454,-0.6288,-0.7489,0.4336,-0.8138,0.3091,-0.2852,60,4.29,39,1.59,2008,8,7
-0.3203,-0.2018,0.3087,0.6217,-0.0703,0.3087,0.4561,1.4688,0.0284,0.8407,0.1142,-0.046,-0.0549,0.2755,-0.0736,0.1167,-0.6486,130,4.94,126,4.15,2008,8,8
0.3841,-0.6671,-0.5912,-0.6103,-0.4526,-0.5911,-0.2935,0.3473,-0.4609,0.9174,0.1436,-0.181,-0.3001,0.29,-0.3027,0.1487,-0.1347,42,1.56,6,0.45,2008,8,9
1.5071,-0.2229,-0.5756,-1.0437,-0.5186,-0.5756,-0.3541,-0.5507,-0.5118,0.1192,0.1962,-0.1303,-0.3124,0.3151,-0.3006,0.2127,0.3687,45,1.02,66,1.39,2008,8,10
1.5706,0.3386,-0.0313,-0.3916,-0.4989,-0.0313,0.1222,-1.0076,-0.5423,-0.2971,0.2401,-0.5296,-0.7111,0.3329,-0.7344,0.2655,0.6616,14,0.38,8,0.41,2008,8,11
1.1118,0.6865,0.3681,0.0884,-0.5606,0.368,0.3962,-0.9609,-0.5251,-1.0829,0.294,-0.0749,-0.2327,0.3488,-0.2644,0.3266,0.8232,27,0.44,33,0.47,2008,8,12
0.1321,1.2446,0.7853,0.5057,-0.3548,0.7852,0.7603,-0.6397,-0.3524,-0.6294,0.3655,-0.0057,-0.1441,0.3688,-0.1984,0.4032,0.932,15,0.32,10,0.3,2008,8,13
0.181,1.4364,1.2449,0.9677,-0.3763,1.2449,1.2462,-0.2948,-0.4124,-0.7798,0.4413,0.0909,-0.0964,0.3987,-0.1576,0.4844,0.8234,60,1.67,44,2.73,2008,8,14
0.7448,1.3123,1.3096,1.0911,-0.3687,1.3096,1.3936,-0.0074,-0.3859,-0.4164,0.5163,0.3918,0.2579,0.4182,0.2004,0.5576,0.6363,88,3.14,70,2.02,2008,8,15
0.6347,1.0667,1.2115,1.0651,-0.3965,1.2115,1.4098,0.235,-0.3716,0.7641,0.546,0.3808,0.2708,0.4379,0.2223,0.5913,0.4907,42,4.2,20,1.64,2008,8,16
0.6731,0.6372,0.7288,0.6982,-0.2343,0.7288,1.01,0.51,-0.2046,0.4392,0.5524,0.0261,-0.0979,0.4399,-0.1667,0.5953,0.1729,37,1.67,66,4.57,2008,8,17
0.7937,0.0491,0.1198,0.1043,-0.3642,0.1198,0.3714,0.6166,-0.2508,1.3878,0.593,0.9666,1.1436,0.4473,1.107,0.6354,0.1201,64,12.07,27,5.57,2008,8,18
-0.1565,-0.5866,-0.6964,-0.6096,-0.3937,-0.6964,-0.6114,-0.1248,-0.3832,1.4004,0.6247,0.6473,0.735,0.4685,0.7225,0.6699,0.1609,15,0.34,22,0.58,2008,8,19
0.0511,-0.2945,-0.6094,-0.6257,-0.4772,-0.6094,-0.4289,-0.286,-0.3556,0.6867,0.6548,0.164,0.0362,0.4859,-0.0215,0.7016,0.1069,25,4.07,20,2.76,2008,8,20
0.1902,0.2698,0.2344,0.2955,-0.4358,0.2343,0.327,0.3983,-0.3581,0.7554,0.6802,0.5977,0.5583,0.4984,0.516,0.7268,0.199,29,4.07,39,5.16,2008,8,21
0.2295,0.6083,0.2753,-0.1212,-0.4374,0.2753,0.5897,-0.0712,-0.447,0.3886,0.7202,0.114,0.0153,0.5233,-0.0713,0.7693,0.4573,5,0.07,9,1.29,2008,8,22
0.954,1.0454,0.8879,0.6933,-0.6654,0.8879,1.1119,-0.3025,-0.5505,-0.8746,0.8214,0.1155,-0.0441,0.5558,-0.1636,0.8754,0.6498,8,0.31,8,0.15,2008,8,23
1.0364,1.3878,1.3026,1.1385,-0.5507,1.3026,1.3844,-0.1547,-0.5002,-0.7114,0.8741,0.5508,0.4285,0.5819,0.3074,0.9293,0.7324,6,0.47,19,4.53,2008,8,24
-0.1254,0.989,1.0905,1.0511,-0.2691,1.0905,1.0681,0.2473,-0.3295,0.9726,0.7217,1.4995,1.7116,0.5339,1.6917,0.7623,0.3862,66,6.15,90,38.89,2008,8,25
-0.2131,0.4894,0.0084,-0.181,-0.3387,0.0084,0.4079,0.4315,-0.3116,1.1391,0.7208,-0.5004,-0.5923,0.5349,-0.7432,0.7562,0.0597,54,3.28,18,0.36,2008,8,26
0.2823,0.8596,0.396,0.1487,-0.4951,0.396,0.5393,-0.3663,-0.5215,-0.7086,0.7821,0.207,0.088,0.5581,-0.017,0.8199,0.6951,15,2.71,11,1.58,2008,8,27
0.8862,1.1527,0.7565,0.3803,-0.3462,0.7565,0.9596,-0.347,-0.339,0.5961,0.8272,-0.0574,-0.1959,0.5583,-0.2943,0.8577,0.589,20,0.38,18,0.73,2008,8,28
-0.6413,1.0985,0.884,0.7434,-0.4198,0.884,1.0386,-0.32,-0.3554,-0.3307,0.8644,-0.336,-0.4763,0.589,-0.5897,0.8909,0.5575,12,0.89,12,2.01,2008,8,29
-0.9424,0.7164,1.0145,1.2415,-0.3054,1.0145,0.9684,0.2955,-0.2891,0.2976,0.8531,1.1754,1.3605,0.6047,1.2754,0.8679,0.2581,19,0.81,9,0.3,2008,8,30
-0.2591,-0.1862,-0.4741,-0.284,0.5456,-0.4742,-0.3859,0.7798,0.6045,3.1752,0.6598,1.6273,2.0384,0.5061,2.0505,0.6357,-0.3816,9,0.52,5,0.19,2008,8,31
0.324,0.3855,0.3883,0.3913,0.0715,0.3883,0.3732,-0.1352,-0.0489,1.5868,-0.937,1.4112,1.5946,0.3877,2.1463,-0.6793,0.4508,7,0.25,9,1.12,2015,6,1
0.1322,-0.0898,-0.0963,-0.2258,-0.4103,-0.0963,0.0967,-0.0018,-0.3924,0.6589,-0.8702,-0.0186,-0.2012,0.3971,-0.0438,-0.6057,0.3983,3,0.08,6,0.13,2015,6,2
-0.0269,-0.2348,-0.0632,0.0041,-0.5738,-0.0632,-0.0005,-0.1117,-0.5348,0.3934,-0.8339,0.3915,0.418,0.4017,0.5069,-0.5643,0.4589,6,0.15,2,0.06,2015,6,3
-0.9692,-0.5103,-0.4275,-0.1053,0.5909,-0.4275,-0.3742,0.3394,0.4856,0.4074,-0.8276,-0.291,-0.2137,0.4063,-0.2495,-0.5461,-0.0403,2,0.01,3,0.05,2015,6,4
-0.7476,-0.3023,-0.2446,-0.2256,0.1026,-0.2446,-0.1576,0.3885,-0.0261,-0.5003,-0.7608,-0.624,-0.6638,0.4073,-0.7097,-0.4971,-0.0233,1,0.02,3,0.21,2015,6,5
-0.7828,0.0055,0.0822,0.0965,0.0879,0.0822,0.1582,0.6598,-0.0749,-0.9967,-0.7389,-1.0522,-1.2418,0.4181,-1.261,-0.4774,-0.048,9,0.79,2,0.03,2015,6,6
-0.7082,0.6018,0.4941,0.4629,-0.1248,0.4941,0.6313,0.8837,-0.3077,-1.7386,-0.7001,-0.6792,-0.8177,0.4235,-0.8095,-0.4388,0.2361,3,0.11,0,0,2015,6,7
0.2687,1.3641,1.4326,1.4847,-0.6122,1.4326,1.4144,0.5044,-0.6513,-1.6088,-0.629,-0.2332,-0.4498,0.4342,-0.4244,-0.3693,0.7116,6,0.18,1,0.03,2015,6,8
-0.4315,1.4382,1.7954,2.3509,0.1717,1.7954,1.6329,1.1126,-0.0899,-1.432,-0.601,-0.2083,-0.4251,0.4483,-0.4142,-0.3347,0.5239,0,0,1,0.01,2015,6,9
-1.7568,0.57,0.9298,1.9431,2.918,0.9298,1.0577,2.8407,3.3731,-0.6131,-0.8938,-1.3358,-1.098,0.3971,-1.2157,-0.6211,-1.9181,3,0.04,1,0.16,2015,6,10
-1.0337,0.6764,0.7907,1.1962,1.9627,0.7907,1.0592,2.8206,1.5431,-0.797,-0.971,-1.7388,-1.7154,0.3638,-1.7551,-0.7228,-0.8068,12,0.44,12,0.25,2015,6,11
0.0928,1.3753,1.4881,1.5702,-0.3343,1.4881,1.6072,2.1006,-0.3565,-1.1125,-0.9253,-0.8865,-1.053,0.3738,-1.0007,-0.6642,0.3002,12,0.31,5,0.5,2015,6,12
0.5201,1.3848,1.6104,1.6871,-0.3075,1.6104,1.7079,1.527,-0.3289,-0.8944,-0.8864,-0.2811,-0.5524,0.3897,-0.4226,-0.6157,0.5506,6,0.37,4,0.05,2015,6,13
0.7396,1.1274,1.2536,1.2508,-0.4153,1.2536,1.3763,0.8657,-0.3954,-0.5102,-0.8323,0.2127,-0.0512,0.4015,0.0575,-0.5548,0.5803,2,0.03,1,0.04,2015,6,14
0.7075,1.0894,1.2299,1.2241,-0.4346,1.2299,1.1732,-0.048,-0.3734,0.0867,-0.7726,1.2073,1.234,0.4081,1.4241,-0.4986,0.643,2,0.19,9,0.25,2015,6,15
0.707,1.0658,1.0674,0.9173,-0.4514,1.0674,1.0391,-1.0139,-0.3556,-0.1896,-0.7203,0.496,0.3698,0.4114,0.3903,-0.4538,0.645,2,0.1,3,0.15,2015,6,16
0.4073,1.1774,1.211,1.2347,-0.4987,1.211,1.0345,-0.7806,-0.4676,-0.5247,-0.6728,0.7754,0.7088,0.4181,0.7739,-0.406,0.797,6,0.35,9,0.69,2015,6,17
0.5503,1.2643,1.3587,1.4042,-0.5188,1.3587,1.1194,-0.9896,-0.4434,0.0548,-0.618,1.0289,0.8778,0.4251,0.9567,-0.3542,0.9814,41,16.48,72,44.97,2015,6,18
0.4843,1.2021,1.0311,0.8533,-0.5487,1.031,0.9538,-1.1828,-0.5042,0.2158,-0.5779,0.9659,0.7569,0.4296,0.8249,-0.3183,1.0674,51,7.39,69,14.29,2015,6,19
-0.8675,1.2763,1.1118,0.9378,-0.3989,1.1118,0.9488,-0.9929,-0.3553,-0.3008,-0.5378,1.0095,0.8432,0.4381,0.8565,-0.2813,1.0321,49,2.4,40,2.33,2015,6,20
-1.4033,0.8349,0.8567,0.8113,-0.5043,0.8567,0.6748,-0.8843,-0.4818,1.4217,-0.4994,2.639,2.9636,0.4426,3.0171,-0.2471,1.0182,44,8.01,63,61.97,2015,6,21
1.0712,0.5684,0.3983,0.2341,-0.4553,0.3983,0.3927,-1.0032,-0.4439,0.7888,-0.4671,0.9164,0.815,0.4453,0.7647,-0.2206,1.1874,42,4.94,66,3.74,2015,6,22
0.4924,0.8014,0.6955,0.584,-0.5974,0.6955,0.6578,-0.9785,-0.537,-0.3584,-0.4445,0.3839,0.2115,0.4481,0.132,-0.2028,1.1241,33,1.31,14,2.17,2015,6,23
0.748,1.2289,1.1195,0.9199,-0.4346,1.1195,1.1122,-0.3888,-0.3998,-0.6934,-0.4023,0.356,0.147,0.4542,0.0691,-0.1651,0.9936,21,2.6,51,14.98,2015,6,24
1.0083,1.62,1.5973,1.5534,-0.4189,1.5973,1.5682,-0.2808,-0.4777,-0.831,-0.3369,0.4731,0.2128,0.4692,0.1348,-0.1074,0.9568,83,22.85,55,21.57,2015,6,25
-0.1522,1.6483,1.8137,1.96,-0.5661,1.8137,1.7098,0.0419,-0.62,-0.9081,-0.2772,0.4038,0.19,0.4805,0.1053,-0.0498,0.9017,29,1.7,11,0.31,2015,6,26
-1.7692,1.3018,1.5917,2.151,0.1176,1.5917,1.4902,0.8776,-0.1809,-0.6267,-0.2382,0.6924,0.5701,0.4872,0.4826,-0.0186,0.6706,4,0.04,0,0,2015,6,27
-2.0703,0.9317,1.1533,1.7944,3.4211,1.1533,1.1548,1.4962,1.8419,0.0929,-0.207,-0.188,-0.3536,0.4913,-0.4389,0.0034,0.193,1,0.01,0,0,2015,6,28
-1.7397,0.9592,1.171,1.7889,1.5845,1.171,1.1996,2.0259,0.6045,-0.9887,-0.13,-0.5378,-0.7939,0.5023,-0.8737,0.0629,0.2542,5,0.42,5,0.69,2015,6,29
-2.0846,1.3173,1.6346,2.1475,1.4685,1.6346,1.701,2.6722,0.8422,-1.2245,-0.1204,-0.6181,-0.8046,0.5076,-0.892,0.0658,0.0986,1,0.03,0,0,2015,6,30
-2.0622,1.1787,1.5246,2.1902,5.2118,1.5246,1.5807,2.8817,4.2519,-0.4634,-0.8214,-0.9058,-0.9972,0.4838,-1.0685,-0.5626,-0.5956,3,0.03,1,0.02,2015,7,1
-2.2108,0.6449,1.1713,1.9301,5.5725,1.1712,1.254,2.7756,5.1993,-0.6004,-0.9617,-1.5039,-1.4339,0.4752,-1.4973,-0.705,-1.2027,4,0.12,0,0,2015,7,2
-2.2231,0.654,1.0627,1.7171,4.2045,1.0627,1.1878,2.9257,4.4379,-1.2981,-1.0214,-1.6169,-1.4716,0.4755,-1.5715,-0.7508,-1.6173,1,0.01,5,0.28,2015,7,3
-1.9963,0.486,0.8838,1.5848,3.4504,0.8838,0.8955,2.2837,4.4668,-0.8696,-1.0167,-1.4041,-1.193,0.4773,-1.2561,-0.74,-1.5764,4,0.49,1,0.01,2015,7,4
-1.8218,-0.03,0.3627,0.9683,1.0188,0.3627,0.6082,2.336,1.217,-0.3523,-1.1539,-1.5254,-1.3603,0.448,-1.4211,-0.8791,-2.3306,2,0.05,2,0.04,2015,7,5
-1.9471,-0.3247,0.0817,0.6227,1.3509,0.0817,0.3344,1.831,1.4687,-1.0627,-1.2847,-1.792,-1.7161,0.4065,-1.7274,-1.0398,-1.327,1,0.05,6,0.13,2015,7,6
-1.5975,-0.8359,-0.245,0.6352,4.4035,-0.245,-0.2349,1.7867,3.7522,-0.6056,-1.3235,-1.6038,-1.2691,0.3442,-1.3016,-1.1232,-2.5025,5,0.1,4,0.2,2015,7,7
-1.5921,-1.3861,-0.9678,-0.1993,4.0128,-0.9678,-0.9531,1.8859,4.267,0.2952,-1.4204,-1.499,-0.9846,0.3114,-1.0146,-1.2262,-3.4811,3,0.09,8,0.11,2015,7,8
-1.983,-2.1022,-1.8391,-1.1183,2.8884,-1.8391,-1.7161,1.4139,3.7591,1.0273,-1.6612,-1.9132,-1.3153,0.2695,-1.2942,-1.4608,-4.2695,4,0.06,0,0,2015,7,9
-2.0505,-2.6215,-2.1099,-1.2219,2.9182,-2.1099,-2.0558,1.425,4.1614,-0.1137,-1.8205,-2.5772,-1.8244,0.2222,-1.8646,-1.6343,-4.8596,5,0.09,2,0.05,2015,7,10
-1.7515,-2.2617,-1.8689,-1.1494,-0.1878,-1.8689,-1.8106,1.1709,-0.0248,-0.3715,-1.793,-1.8118,-1.4286,0.2218,-1.324,-1.6024,-2.6673,1,0.06,0,0,2015,7,11
-1.8213,-1.5741,-1.2716,-0.753,0.046,-1.2716,-1.2602,0.8591,0.0326,-0.0337,-1.7178,-1.125,-1.0336,0.2302,-0.8298,-1.5241,-1.0871,1,0.01,2,0.59,2015,7,12
-1.3545,-1.244,-1.0877,-0.6888,-0.0385,-1.0877,-1.1319,0.2794,-0.1331,0.0718,-1.6035,-0.6976,-0.6223,0.2617,-0.3952,-1.4052,-0.7964,2,0.02,2,0.05,2015,7,13
-0.758,-1.1268,-0.8903,-0.6778,-0.2944,-0.8903,-0.9182,0.1749,-0.2866,0.9365,-1.5207,0.0061,0.2448,0.2854,0.4883,-1.3101,-0.5784,4,0.13,4,0.26,2015,7,14
0.4424,-0.6918,-0.8297,-0.9597,0.0177,-0.8297,-0.6552,0.1236,-0.0823,0.3714,-1.485,-0.6732,-0.5516,0.2968,-0.4333,-1.2608,-0.2924,6,0.1,9,0.23,2015,7,15
1.0542,0.0312,-0.0933,-0.2474,-0.4526,-0.0933,-0.0383,-0.1364,-0.4915,-0.3403,-1.4462,-0.5606,-0.6282,0.3034,-0.4661,-1.2129,0.1233,3,0.04,4,0.27,2015,7,16
0.482,0.143,0.2067,0.1286,-0.4781,0.2067,0.1563,-0.1111,-0.488,0.2404,-1.4345,0.6127,0.6244,0.3217,0.783,-1.1844,0.3228,0,0,4,0.06,2015,7,17
-1.1923,-0.3371,-0.3697,-0.1525,2.4285,-0.3697,-0.3716,0.5714,2.2985,1.1639,-1.711,-1.2695,-0.9804,0.1715,-0.9257,-1.5158,-1.6915,3,0.49,2,0.27,2015,7,18
-1.4231,-1.0888,-0.6447,0.0901,2.9926,-0.6447,-0.604,1.6012,2.6787,-2.0711,-2.1619,-2.9072,-2.4823,-0.129,-2.4225,-2.0491,-2.978,1,0.04,2,0.1,2015,7,19
-1.8169,-1.0423,-0.5282,0.3419,4.6134,-0.5282,-0.525,1.9529,5.4227,-1.809,-2.2398,-3.0475,-2.564,-0.346,-2.4585,-2.1954,-3.4318,2,0.08,2,0.05,2015,7,20
-1.8184,-0.8484,-0.3129,0.332,0.3217,-0.3129,-0.1785,1.8645,0.5009,-1.53,-2.2321,-2.211,-2.0302,-0.3128,-1.916,-2.1651,-1.4087,9,0.16,5,0.22,2015,7,21
-1.2558,-1.0657,-0.687,-0.1808,1.0818,-0.687,-0.6869,1.3266,1.0987,0.559,-2.192,-1.278,-1.2093,-0.2977,-0.9399,-2.1164,-1.372,6,0.1,3,0.07,2015,7,22
-0.3593,-1.468,-1.2095,-0.8842,0.3029,-1.2096,-1.1302,0.5693,0.2637,1.3782,-2.0941,-0.8154,-0.8118,-0.292,-0.5148,-2.0127,-0.9473,10,1.26,5,0.27,2015,7,23
0.4357,-1.2619,-1.1377,-0.9795,-0.1851,-1.1377,-1.0294,0.1213,-0.1417,0.5594,-2.1269,-0.5892,-0.6035,-0.2673,-0.3543,-2.0142,-0.3948,3,0.08,4,0.06,2015,7,24
1.1247,-0.9009,-0.8788,-0.7744,-0.6005,-0.8788,-0.9196,-0.5165,-0.5658,0.2678,-2.0651,-0.3054,-0.4721,-0.2444,-0.1772,-1.9432,0.0659,19,1.73,11,1,2015,7,25
1.29,-1.0095,-0.9678,-1.0299,-0.4793,-0.9678,-1.0868,-0.5799,-0.4926,1.1453,-2.0644,0.4995,0.4277,-0.2276,0.7475,-1.9063,0.2464,17,2.55,18,0.86,2015,7,26
0.5432,-1.2163,-1.8563,-1.9215,-0.4527,-1.8563,-1.694,-0.7751,-0.4267,2.8179,-2.0306,-0.108,-0.2761,-0.2123,-0.0392,-1.849,0.1829,16,0.67,16,0.68,2015,7,27
1.6134,-0.787,-1.4768,-1.824,-0.4164,-1.4768,-1.2855,-1.3014,-0.41,1.0382,-1.9775,-0.5136,-0.6954,-0.1938,-0.5637,-1.7783,0.5192,7,0.13,7,2.13,2015,7,28
1.215,0.35,-0.2007,-0.534,0.2697,-0.2007,-0.3332,-0.9491,0.125,-0.6545,-1.928,-0.5764,-0.6469,-0.1861,-0.5824,-1.7184,0.5321,14,1.16,22,2.96,2015,7,29
-1.2114,0.603,0.5942,0.7838,0.8773,0.5942,0.2402,0.0156,0.8092,-0.9396,-1.9203,-0.8516,-0.8447,-0.2377,-0.7937,-1.7233,-0.1846,74,12.55,41,6.8,2015,7,30
-1.8083,0.4668,0.9022,1.2224,1.1886,0.9022,0.6157,0.7399,1.048,-0.821,-1.7491,-0.4637,-0.584,-0.2097,-0.5217,-1.5435,0.1609,109,13.24,184,22.35,2015,7,31
-2.1762,-0.0449,0.2906,1.0661,4.6965,0.2906,0.0616,1.2134,4.6672,-0.3319,-1.7615,-1.1021,-1.0808,-0.2578,-1.0317,-1.5865,-0.9254,211,16.65,142,26.27,2015,8,1
-2.1428,-0.4701,-0.0388,0.8917,0.8393,-0.0388,-0.2357,1.3985,0.8908,-0.6979,-1.6771,-1.1912,-1.1897,-0.3007,-1.183,-1.5127,-0.8781,178,13.41,157,12.05,2015,8,2
-1.2285,-0.3832,-0.1824,0.2367,-0.1465,-0.1824,-0.2021,0.9397,-0.162,-0.1102,-1.6089,-0.2789,-0.315,-0.2712,-0.2473,-1.4395,-0.2883,145,7.97,133,9.39,2015,8,3
-1.1345,-0.2244,-0.1489,0.0909,-0.3104,-0.1489,-0.3209,0.2437,-0.3261,0.3791,-1.5705,0.4671,0.5804,-0.252,0.6984,-1.3863,0.0015,104,18.41,51,4.84,2015,8,4
-1.5204,-0.3642,-0.4531,-0.1995,0.2391,-0.4531,-0.4346,0.2881,-0.0837,1.1633,-1.5082,0.0943,0.0445,-0.2378,0.08,-1.3126,-0.0082,62,2.55,169,5.26,2015,8,5
-1.8794,-0.2614,-0.0876,0.345,-0.2208,-0.0876,-0.4398,-0.0536,-0.3842,-0.5375,-1.4649,-0.0361,-0.0447,-0.2262,-0.0246,-1.2665,0.1186,35,0.89,18,2.88,2015,8,6
-1.5888,-0.8661,-0.5929,0.1398,4.595,-0.5929,-0.6308,0.9675,4.5438,-0.2672,-1.6597,-1.8898,-1.4823,-0.3066,-1.54,-1.5179,-3.4352,59,2.17,111,2.58,2015,8,7
-0.3624,-1.5902,-1.463,-1.1522,0.1068,-1.463,-1.2523,0.712,0.1004,-0.2037,-1.6308,-1.5866,-1.4205,-0.2998,-1.4274,-1.4945,-1.6732,45,1.01,35,4.67,2015,8,8
0.1151,-0.7263,-0.9595,-0.961,-0.4614,-0.9595,-1.0014,0.1027,-0.4793,-0.361,-1.5561,-0.3773,-0.4903,-0.2748,-0.3941,-1.4029,-0.2252,117,6.93,120,8.16,2015,8,9
-0.6487,-0.6497,-0.5215,-0.3505,-0.4661,-0.5215,-0.5676,0.2217,-0.4449,0.8269,-1.4935,0.2435,0.1728,-0.2459,0.2908,-1.3231,-0.0408,87,3.79,87,15.91,2015,8,10
-0.4891,-0.659,-0.4308,-0.1657,0.3259,-0.4307,-0.6274,0.4335,0.0423,1.6602,-1.4732,0.7366,0.8866,-0.2348,1.0226,-1.2988,-0.4533,47,3.82,49,4.83,2015,8,11
-0.6621,-0.6359,-0.4689,-0.2214,0.1404,-0.4689,-0.4695,1.0549,0.2181,1.3389,-1.465,-0.2925,-0.3411,-0.223,-0.2836,-1.2754,-0.6916,122,13.42,178,20.19,2015,8,12
-1.3569,-0.0444,0.2226,0.4812,-0.3659,0.2226,-0.0569,1.1166,-0.3446,1.0882,-1.5287,-0.0437,-0.0606,-0.2657,0.014,-1.3577,-0.9419,93,5.58,93,27.12,2015,8,13
-1.8007,0.2594,0.3717,0.5089,-0.1465,0.3717,0.3429,1.0106,-0.258,1.3645,-1.4956,0.3388,0.2336,-0.2395,0.3348,-1.3102,-0.1604,100,4.45,116,3.68,2015,8,14
-1.6339,1.0498,0.6719,0.4341,-0.4468,0.6719,0.7312,0.0619,-0.4432,-0.3562,-1.3571,-0.0841,-0.3068,-0.2027,-0.2529,-1.1548,0.4891,62,4.67,44,5.12,2015,8,15
-2.1796,1.3852,1.3898,1.4239,-0.3584,1.3898,1.2532,-0.4213,-0.3652,-0.5292,-1.2937,0.1824,0.0408,-0.1732,0.0791,-1.0775,0.5892,82,2.53,131,7.97,2015,8,16
-1.2372,1.4784,1.5451,1.3735,-0.2701,1.5451,1.3848,-0.5207,-0.2291,0.2191,-1.2515,0.5592,0.5277,-0.1517,0.5861,-1.0289,0.5788,114,13.36,80,24.01,2015,8,17
-0.5237,1.0855,0.9723,0.7471,-0.3942,0.9723,0.7878,-0.9645,-0.2756,0.6564,-1.1838,0.5555,0.4755,-0.1286,0.5107,-0.9533,0.5653,131,9.64,121,7.21,2015,8,18
-0.3471,0.8861,0.8352,0.8557,-0.4092,0.8352,0.6383,-0.6338,-0.3957,0.0313,-1.0497,0.3825,0.212,-0.0977,0.2209,-0.8243,0.6212,199,9.28,136,18.74,2015,8,19
-0.4461,0.8426,0.8081,0.7859,-0.5656,0.8081,0.6696,-0.3608,-0.5828,0.3182,-0.9336,0.8188,0.8117,-0.0708,0.8369,-0.7102,0.7753,98,14.75,65,7.72,2015,8,20
0.6015,0.5745,0.5423,0.4321,-0.4623,0.5423,0.4221,-0.0589,-0.4045,0.8764,-0.866,0.8651,0.7945,-0.0552,0.7991,-0.6441,0.6585,150,4.79,188,8.42,2015,8,21
1.381,0.5991,0.3008,-0.1217,-0.4363,0.3008,0.4482,-0.2653,-0.4453,0.4914,-0.7968,0.2965,0.1375,-0.0298,0.0847,-0.5768,0.7203,60,3.68,44,4.37,2015,8,22
0.2122,0.8353,0.6279,0.4382,-0.6684,0.628,0.5833,-0.415,-0.5557,-0.2694,-0.743,0.7994,0.7694,0,0.7541,-0.5135,0.8019,84,2.73,162,10.01,2015,8,23
-0.7923,0.9638,1.0206,1.0684,-0.5434,1.0206,0.99,-0.1496,-0.4943,-0.3405,-0.7022,0.729,0.6476,0.0224,0.567,-0.469,0.7571,51,2.47,49,5.91,2015,8,24
-1.6882,0.7333,0.8741,1.3112,3.0867,0.8741,0.5956,0.0546,1.8309,-0.2535,-0.6678,0.3069,0.2456,0.0401,0.1274,-0.4328,0.441,89,3.97,124,8.34,2015,8,25
-1.0604,0.4449,0.6758,0.9655,1.0482,0.6758,0.7531,0.609,1.4935,-0.339,-0.6813,-0.2864,-0.3515,0.0397,-0.4797,-0.4559,-0.1178,101,3.58,70,4.72,2015,8,26
-1.3186,0.7612,1.1916,1.5128,-0.4601,1.1916,1.3034,0.5457,-0.4986,-0.742,-0.6466,-0.1463,-0.2681,0.0609,-0.3727,-0.419,0.2545,71,6.41,58,4.9,2015,8,27
-1.6425,0.8836,1.3176,1.6144,-0.2912,1.3176,1.3624,0.9459,-0.3523,-0.199,-0.5913,0.5468,0.4072,0.0771,0.3189,-0.3677,0.1563,36,4.8,47,5.39,2015,8,28
-1.6051,0.1846,0.7415,1.1582,0.1288,0.7415,0.9155,1.3671,-0.0793,2.5818,-0.6789,1.3882,1.6868,0.075,1.6689,-0.4601,-0.3845,66,10.72,39,22.88,2015,8,29
-1.3209,-0.2493,-0.1242,0.0247,-0.5375,-0.1242,0.0628,0.5464,-0.462,1.1797,-0.6136,0.1753,0.0926,0.1034,0.0105,-0.4025,-0.0021,31,1.71,40,4.2,2015,8,30
0.1392,0.1608,-0.0427,-0.0924,-0.5349,-0.0427,0.0385,-0.0666,-0.5014,0.1088,-0.5632,0.1655,0.0396,0.1228,-0.0498,-0.353,0.2274,24,0.92,4,0.9,2015,8,31
0.1153,1.1881,1.2384,1.1169,-0.7147,1.2384,1.1439,0.1849,-0.7149,-1.0217,-0.5513,0.0695,-0.2442,-0.2395,-0.1003,-0.4111,0.9015,1,0.02,10,0.42,2016,6,1
-0.6188,1.2482,1.2646,1.2561,-0.5579,1.2646,1.1716,-0.2651,-0.555,-0.8086,-0.4538,0.3824,0.0967,-0.2194,0.2621,-0.3266,0.8494,2,0.04,0,0,2016,6,2
0.5632,1.4835,1.4951,1.4013,-0.7087,1.4951,1.4123,-0.204,-0.6039,-1.2897,-0.3754,0.0331,-0.2652,-0.2022,-0.2203,-0.2622,0.8692,9,0.41,7,0.33,2016,6,3
0.2439,1.7178,1.8284,1.8997,-0.7398,1.8284,1.5982,-0.0831,-0.7474,-1.4267,-0.2694,0.3165,-0.0214,-0.1796,0.0112,-0.1702,0.9723,9,0.11,5,0.14,2016,6,4
0.9431,1.5832,1.7486,1.7713,-0.306,1.7486,1.606,0.4712,-0.3262,-0.5877,-0.1463,1.0797,1.0232,-0.1554,0.9898,-0.0722,0.7916,13,0.58,8,0.82,2016,6,5
-0.1394,1.2624,1.3273,1.3284,-0.2345,1.3273,1.415,0.9612,-0.4352,-0.4246,-0.0462,0.3219,0.0839,-0.1318,0.054,0.0119,0.7971,5,0.05,3,0.03,2016,6,6
-0.5403,1.2129,1.3311,1.4115,-0.4508,1.3311,1.4087,1.2288,-0.4532,-0.6535,-0.0224,0.2441,0.0089,-0.1212,-0.0103,0.0282,0.6561,4,0.4,6,0.92,2016,6,7
-1.0695,1.2357,1.3834,1.6002,-0.5908,1.3834,1.2598,1.0394,-0.6222,0.0239,0.0332,0.9868,0.8024,-0.1105,0.8508,0.0672,0.7311,13,1.88,14,0.94,2016,6,8
-1.1247,0.8685,1.0227,1.17,-0.7393,1.0227,1.0157,0.253,-0.6556,1.1353,0.0799,1.7328,2.176,-0.0969,2.2604,0.1043,0.7539,11,0.92,3,0.15,2016,6,9
-1.2232,0.4469,0.6698,1.0397,-0.5116,0.6698,0.5116,0.0618,-0.5233,1.1864,0.1086,1.329,1.3246,-0.0845,1.3632,0.1265,0.6168,3,0.03,0,0,2016,6,10
-1.2143,0.0796,0.0621,0.5831,1.2578,0.0621,0.13,0.606,0.4546,0.0701,-0.1261,-0.7815,-0.8969,-0.107,-1.0009,-0.0843,-0.2675,9,0.7,14,0.9,2016,6,11
-0.6467,-0.5259,-0.2257,0.1408,3.7807,-0.2257,-0.1159,1.484,3.638,0.014,-0.4126,-1.0368,-0.955,-0.1768,-1.0844,-0.3603,-1.2059,15,1.32,13,1.32,2016,6,12
-0.5705,-0.2649,-0.1355,-0.0118,0.1285,-0.1355,-0.0404,0.9849,-0.0525,-0.579,-0.4262,-0.7702,-0.8468,-0.1752,-0.8966,-0.3783,-0.522,20,1.06,20,0.65,2016,6,13
-0.3913,-0.537,-0.4425,-0.2576,-0.3941,-0.4425,-0.4861,-0.0118,-0.3676,1.4279,-0.4021,0.7295,0.6896,-0.1703,0.873,-0.354,0.11,12,0.16,2,0.06,2016,6,14
-0.2899,-1.3926,-1.2345,-1.1333,0.2395,-1.2345,-1.2665,-0.5287,0.214,2.4025,-0.4025,1.2439,1.7241,-0.1715,2.0646,-0.3536,-0.1642,12,0.37,22,0.72,2016,6,15
-0.0346,-1.5568,-1.659,-1.8931,0.6599,-1.659,-1.5246,-0.6629,0.4438,0.6922,-0.473,-0.4387,-0.4222,-0.1782,-0.4054,-0.4041,-0.5577,31,13.66,27,6.63,2016,6,16
0.2488,-0.8337,-0.8563,-0.8073,0.5992,-0.8563,-0.8956,0.0409,0.9364,0.4426,-0.5199,0.1297,0.2685,-0.187,0.4256,-0.4422,-0.9072,25,2.61,30,2.01,2016,6,17
-1.6526,-0.5524,-0.4593,-0.2569,1.128,-0.4593,-0.5503,0.315,1.5598,0.7098,-0.5904,-0.301,-0.2313,-0.2121,-0.1649,-0.508,-1.3007,11,0.58,4,0.46,2016,6,18
-1.3929,0.703,0.2473,0.1469,-0.5588,0.2473,0.1885,-0.3382,-0.5211,-0.4469,-0.5613,-0.6029,-0.6993,-0.2076,-0.6843,-0.4841,0.0842,11,0.42,11,1.23,2016,6,19
-0.0928,1.4842,1.4334,1.4987,-0.4032,1.4334,1.1708,0.0917,-0.3627,-0.4106,-0.5226,0.5503,0.3893,-0.198,0.5475,-0.4504,0.6356,17,1.37,29,13.17,2016,6,20
-0.4861,1.5103,1.4811,1.5579,-0.4482,1.4811,1.3853,0.2463,-0.4955,0.0216,-0.4777,0.3666,0.2785,-0.1909,0.3467,-0.4134,0.8037,13,1.45,13,0.35,2016,6,21
0.0786,1.1331,1.2613,1.3046,-0.4492,1.2613,1.2389,0.3491,-0.4607,0.8197,-0.444,0.9898,1.0166,-0.1865,1.1244,-0.3879,0.8455,10,0.35,14,0.76,2016,6,22
1.3226,0.7625,0.7776,0.6304,-0.6001,0.7776,0.7024,-0.6667,-0.5334,1.1778,-0.4236,0.9792,0.8588,-0.1837,1.0049,-0.3741,0.8334,9,0.72,8,2.04,2016,6,23
1.2131,0.4166,0.3455,0.2608,-0.4288,0.3455,0.4048,-0.6782,-0.385,0.8978,-0.3932,0.5627,0.3453,-0.1813,0.4107,-0.3517,0.7508,88,17.82,92,21.1,2016,6,24
1.6586,0.6652,0.2218,-0.2123,-0.416,0.2218,0.3602,-0.9886,-0.4723,0.269,-0.3403,-0.1922,-0.3959,-0.1707,-0.3962,-0.3057,0.8272,45,7.99,42,9.83,2016,6,25
0.977,1.2441,1.0343,0.8401,-0.6962,1.0343,0.8816,-0.7147,-0.6701,-1.1951,-0.2817,0.4678,0.2958,-0.1617,0.3127,-0.2568,0.853,21,2.46,25,2.45,2016,6,26
-0.0562,1.409,1.4607,1.3905,-0.1861,1.4607,1.3098,0.1374,-0.3401,-0.4864,-0.2335,0.3699,0.1398,-0.1534,0.1642,-0.2201,0.7679,12,0.23,3,0.08,2016,6,27
-0.1191,1.4251,1.6269,1.877,-0.0567,1.6269,1.586,0.6474,-0.2302,-1.0254,-0.1858,-0.4098,-0.6537,-0.1448,-0.6498,-0.1849,0.5878,10,0.34,12,0.59,2016,6,28
-0.6789,1.0444,1.3255,1.6861,0.084,1.3255,1.3753,1.3496,0.0437,-0.7783,-0.105,-0.3016,-0.5752,-0.1288,-0.5996,-0.1171,0.4108,29,1.47,14,0.93,2016,6,29
-0.428,0.7717,1.0086,1.2044,-0.0554,1.0087,1.1046,1.3081,-0.087,-0.5729,-0.1716,-0.5172,-0.6975,-0.1245,-0.7258,-0.1772,0.2196,6,0.11,13,2.88,2016,6,30
-0.3667,0.3201,0.6226,0.904,1.2979,0.6227,0.7688,1.9032,1.3776,-0.9201,-0.6494,-1.0379,-1.0487,-0.2516,-1.0915,-0.629,-0.712,26,1.78,37,2.06,2016,7,1
-0.4837,-0.0768,0.2691,0.5565,0.9164,0.2691,0.4132,1.601,0.8999,-0.8044,-0.6699,-1.0353,-1.0095,-0.2663,-1.0377,-0.6657,-0.7619,37,2.23,13,1.66,2016,7,2
-0.1621,0.1281,0.32,0.4372,-0.0362,0.32,0.3724,0.8347,0.0622,-0.5852,-0.6327,-0.2075,-0.358,-0.2632,-0.3218,-0.6303,-0.1045,49,2.5,57,2.88,2016,7,3
0.0723,0.1511,0.2951,0.3114,-0.4086,0.2951,0.2937,0.1597,-0.4116,0.133,-0.6201,0.4396,0.2384,-0.2602,0.3,-0.6136,0.2399,8,0.14,7,0.89,2016,7,4
-0.6742,-0.2003,-0.0837,-0.0754,-0.4314,-0.0837,-0.0864,-0.392,-0.4282,0.865,-0.5182,0.7468,0.6643,-0.2496,0.7613,-0.5217,0.3662,8,0.17,19,1.14,2016,7,5
0.4938,-0.6209,-0.6014,-0.5989,-0.4209,-0.6014,-0.5199,-0.2723,-0.3477,1.1212,-0.3992,0.4459,0.3737,-0.2373,0.407,-0.4123,0.2101,7,0.09,11,0.48,2016,7,6
0.8818,-0.4956,-0.5833,-0.6681,-0.4167,-0.5833,-0.5143,-0.3655,-0.361,0.6018,-0.321,0.4367,0.3067,-0.2276,0.3127,-0.3339,0.2437,26,1.26,2,0.17,2016,7,7
-0.1146,-0.3011,-0.3889,-0.3406,-0.2956,-0.3889,-0.4417,-0.2476,-0.3154,1.011,-0.2755,0.9256,1.0429,-0.2175,1.0982,-0.2845,-0.1071,3,0.24,6,0.12,2016,7,8
-0.1237,-0.6111,-0.4158,-0.2184,-0.2825,-0.4158,-0.4415,0.1065,-0.1744,1.5993,-0.2511,0.9525,1.0374,-0.2128,1.0363,-0.2594,-0.3599,4,0.3,10,1.86,2016,7,9
0.2624,-1.1408,-1.2179,-1.1686,-0.2978,-1.218,-1.1514,-0.2979,-0.1947,2.9541,-0.2437,1.3986,1.6721,-0.2124,1.7092,-0.2507,-0.3871,5,0.11,3,0.03,2016,7,10
0.8235,-1.291,-1.8434,-2.0353,-0.4651,-1.8434,-1.5441,-1.4048,-0.5057,0.9124,-0.2106,-0.7993,-0.8543,-0.2078,-0.9179,-0.2172,0.1077,2,0.05,0,0,2016,7,11
1.3522,-0.6812,-0.9725,-1.2522,-0.4506,-0.9725,-1.1069,-1.4161,-0.3691,0.1021,-0.135,0.687,0.6425,-0.1963,0.6068,-0.146,0.3244,5,0.12,5,0.87,2016,7,12
1.3926,0.0835,-0.5293,-0.9248,-0.3372,-0.5293,-0.5226,-1.1463,-0.3191,0.1539,-0.0298,0.0449,-0.1075,-0.1664,-0.1532,-0.0418,0.6394,2,0.05,3,0.2,2016,7,13
1.5046,0.706,0.3895,-0.006,-0.3837,0.3895,0.1687,-1.1413,-0.4123,-0.928,0.0356,0.3949,0.2541,-0.139,0.2031,0.0247,0.8407,2,0.03,5,0.63,2016,7,14
0.4684,0.6608,0.521,0.1972,-0.5133,0.521,0.2829,-1.2824,-0.5282,0.3452,0.1014,1.2217,1.1585,-0.1253,1.1369,0.0875,1.011,6,0.06,6,0.15,2016,7,15
0.3057,0.1502,0.0944,-0.1098,-0.4533,0.0944,0.1317,-1.1954,-0.4948,0.969,0.1551,0.8886,0.9299,-0.1193,0.9033,0.1361,1.0458,4,0.12,4,0.31,2016,7,16
0.7241,0.0164,-0.0863,-0.3323,-0.5372,-0.0863,-0.1617,-1.3071,-0.4906,0.9289,0.2379,2.2241,2.3796,-0.1055,2.3132,0.2124,0.8809,3,0.03,1,0.01,2016,7,17
0.5711,-0.2763,-0.265,-0.3735,-0.5773,-0.2649,-0.3303,-0.956,-0.6251,1.9747,0.3457,2.1587,2.4521,-0.0821,2.4178,0.3172,0.6768,6,0.29,2,0.06,2016,7,18
0.7898,-0.2818,-0.379,-0.5111,-0.5817,-0.379,-0.4382,-0.872,-0.515,1.5683,0.4087,1.6384,1.8544,-0.0629,1.7965,0.3767,0.6928,8,0.15,10,0.25,2016,7,19
1.0593,0.1801,-0.135,-0.4272,-0.5889,-0.135,-0.1401,-0.914,-0.4654,0.933,0.4731,1.0762,1.1232,-0.0372,1.0302,0.441,0.7164,3,0.08,6,0.54,2016,7,20
0.8606,0.5055,0.3668,0.1273,-0.5605,0.3668,0.2269,-0.9657,-0.5646,0.8682,0.6505,1.6829,1.8815,0.0102,1.8429,0.6084,0.8158,14,0.53,10,0.42,2016,7,21
1.2175,0.8246,0.5178,0.2396,-0.6715,0.5178,0.4382,-1.3263,-0.5669,1.1729,0.805,1.312,1.4467,0.0511,1.3755,0.7485,0.8766,14,0.54,6,0.33,2016,7,22
1.254,1.036,0.5944,0.0113,-0.818,0.5943,0.5479,-1.4361,-0.7198,0.744,0.917,0.8502,0.8134,0.0728,0.7223,0.8487,1.0017,142,69.44,89,32.54,2016,7,23
1.2456,1.3875,0.8921,0.2899,-0.5877,0.8922,0.7106,-1.1907,-0.6134,0.7836,1.159,1.254,1.2846,0.1134,1.1986,1.0654,1.1899,92,30.61,119,25.23,2016,7,24
0.9832,1.3512,1.0628,0.6785,-0.5926,1.0628,0.8649,-1.0084,-0.5566,0.2602,1.3136,0.9379,0.9328,0.1465,0.8235,1.2123,1.0847,53,3.73,37,12.25,2016,7,25
1.2288,1.7347,1.4076,0.9567,-0.4903,1.4076,1.3995,-0.7023,-0.52,-0.4344,1.465,0.6315,0.5144,0.1704,0.408,1.3412,1.128,53,9.25,55,2.57,2016,7,26
1.024,2.2552,2.0432,1.7138,-0.5329,2.0432,1.9177,-0.527,-0.4732,-0.6257,1.5646,1.0241,1.0093,0.1981,0.9092,1.4301,1.1032,52,1.72,41,8.73,2016,7,27
0.1425,2.2191,2.1945,1.8455,-0.4002,2.1944,2.2023,-0.5048,-0.4051,-0.3764,1.6175,0.6618,0.548,0.2254,0.4467,1.4755,1.0651,23,2.38,38,3.81,2016,7,28
0.2885,2.2989,2.5323,2.4255,0.4514,2.5323,2.5709,0.1523,0.0354,-0.8839,1.5854,0.2708,0.092,0.226,0.0112,1.4301,1.1676,78,6.94,36,4.84,2016,7,29
0.3029,1.7877,2.0046,1.8875,0.0354,2.0046,2.089,0.6689,-0.074,0.0955,1.4707,0.7574,0.6619,0.2209,0.5691,1.3148,0.5579,75,7.24,43,6.31,2016,7,30
0.4697,0.9329,1.0345,0.8633,0.1007,1.0345,1.2964,0.5918,-0.0681,0.7774,1.4764,0.3742,0.2483,0.2397,0.1657,1.3156,0.433,92,5.69,87,4.41,2016,7,31
0.8536,0.6157,0.624,0.4458,0.1859,0.624,0.9196,0.3299,0.0351,-0.4062,1.4064,-0.1625,-0.2907,0.2508,-0.3539,1.2414,0.3079,49,9.9,26,3.56,2016,8,1
0.3643,0.7057,0.7515,0.6851,-0.3102,0.7515,0.8703,0.2403,-0.2519,-0.3737,1.3068,0.2266,0.1588,0.2609,0.079,1.147,0.2273,37,4.92,55,6.72,2016,8,2
0.2317,0.7252,0.5384,0.2035,-0.2699,0.5384,0.8821,0.0732,-0.2355,0.3917,1.3226,-0.1584,-0.2976,0.2949,-0.3935,1.1675,0.2738,54,3.23,37,5.7,2016,8,3
-0.2415,0.2601,0.1615,0.1165,0.6903,0.1615,0.3357,0.1195,0.5759,-0.3576,1.2181,-0.5877,-0.5865,0.2077,-0.7183,1.0258,-0.3675,40,4.41,43,2.79,2016,8,4
-0.8229,-0.4122,-0.1379,0.3141,2.6311,-0.1379,0.0335,0.7147,2.5719,0.0174,1.0654,-0.4492,-0.4952,0.2158,-0.561,0.9055,-0.3177,31,2.09,30,4.41,2016,8,5
0.8121,-0.3313,-0.3481,-0.5405,-0.1336,-0.3481,-0.2612,-0.2204,-0.2994,0.7334,1.1177,0.5949,0.4555,0.2258,0.4774,0.9591,0.2691,21,1.09,21,1.16,2016,8,6
1.3308,-0.2139,-0.3347,-0.5913,-0.5085,-0.3347,-0.3313,-0.8389,-0.5169,1.1294,1.1853,0.9836,0.9609,0.2348,1.0306,1.0185,0.6224,42,2.15,49,7.35,2016,8,7
1.1707,-0.3131,-0.3841,-0.5257,-0.3916,-0.3841,-0.6121,-1.19,-0.3943,0.6399,1.2981,1.4395,1.5862,0.2699,1.6264,1.132,0.6366,59,7.7,49,22.36,2016,8,8
0.971,-0.7995,-1.0664,-1.3359,-0.4824,-1.0664,-1.0618,-0.9058,-0.4861,1.8938,1.3455,1.24,1.4948,0.2902,1.5522,1.1813,0.453,94,5.77,88,9,2016,8,9
0.9433,-0.8516,-1.1252,-1.475,-0.4811,-1.1252,-0.9282,-0.6536,-0.4748,0.7718,1.3814,0.3742,0.339,0.3124,0.3142,1.2188,0.4136,45,11.91,11,1.07,2016,8,10
1.2909,-0.2277,-0.4262,-0.5444,-0.4834,-0.4263,-0.3789,-0.7002,-0.5219,-0.5544,1.4181,-0.1013,-0.2644,0.3288,-0.3264,1.2586,0.5202,14,0.87,20,1.4,2016,8,11
1.272,0.3194,0.2789,0.2569,-0.5577,0.2789,0.3271,-0.551,-0.5376,-1.5621,1.4882,-0.379,-0.5492,0.3438,-0.6384,1.3223,0.6145,11,0.22,8,0.32,2016,8,12
1.0465,1.2249,1.0452,0.7064,-0.5334,1.0452,0.9876,-0.834,-0.4863,-1.7713,1.591,-0.2299,-0.4088,0.3643,-0.5083,1.4197,1.0182,18,0.93,12,0.72,2016,8,13
1.267,1.4125,1.3763,1.0353,-0.4817,1.3763,1.0982,-0.8595,-0.4702,-0.7395,1.6902,1.0691,1.0294,0.3944,0.9432,1.513,1.0161,40,3.01,59,10.61,2016,8,14
0.8845,1.1217,1.0661,0.8138,-0.4544,1.0661,1.1012,-0.6032,-0.4411,0.4832,1.7244,0.9289,1.1596,0.413,1.1013,1.5363,0.7961,42,4.64,24,1.59,2016,8,15
1.1076,1.2357,1.089,0.8463,-0.4046,1.089,0.9201,-1.0862,-0.3693,0.1603,1.7476,1.0629,1.2129,0.4338,1.1661,1.5584,0.7946,41,2.86,76,14.68,2016,8,16
0.9574,1.1583,1.2257,1.1043,-0.1815,1.2257,1.0906,-0.8522,-0.1932,0.3846,1.76,1.0097,1.2145,0.4432,1.167,1.568,0.6888,89,12.2,61,34.41,2016,8,17
0.512,0.9199,1.1421,0.9956,-0.3838,1.1421,1.0754,-0.5754,-0.2752,-0.3241,1.799,0.5424,0.5069,0.4512,0.4255,1.5978,0.5772,116,40.56,115,14.77,2016,8,18
0.7416,0.9864,1.1121,0.9957,-0.4054,1.1121,1.1302,-0.3253,-0.404,-0.8963,1.7689,0.3214,0.1603,0.4751,0.1005,1.5731,0.6218,135,27.99,98,30.61,2016,8,19
0.4953,0.9857,1.1227,1.1198,-0.5482,1.1227,1.1142,-0.6242,-0.5888,-0.1699,1.8207,0.5493,0.4225,0.4988,0.3567,1.6184,0.8229,80,8.96,147,16.7,2016,8,20
-0.3392,0.7656,1.0644,1.1071,0.0551,1.0645,1.0185,-0.3948,-0.0621,0.1354,1.8224,0.5016,0.3793,0.5121,0.3137,1.6208,0.6844,91,9.77,85,24.42,2016,8,21
-1.0371,0.1998,0.3845,0.643,0.9807,0.3845,0.4226,0.0528,0.9741,0.5717,1.7999,0.3988,0.4018,0.5237,0.321,1.5953,0.2914,82,17.84,59,16.97,2016,8,22
-0.0782,-0.1285,-0.2017,-0.234,1.1023,-0.2017,0.021,-0.0023,0.7238,-0.1294,1.8198,0.0628,0.1294,0.4953,0.0072,1.5824,-0.0309,75,12.04,86,7.04,2016,8,23
1.2164,0.0172,0.0306,0.0363,-0.474,0.0306,0.0583,-0.6783,-0.4825,-0.6061,1.8726,0.2695,0.1046,0.5177,-0.0035,1.6341,0.6517,62,5.88,54,18.69,2016,8,24
1.1699,-0.2635,-0.2072,-0.3035,-0.6252,-0.2072,-0.1633,-1.176,-0.5424,0.3709,1.9182,0.5716,0.5017,0.5349,0.4407,1.6782,0.8173,69,10.68,87,8.54,2016,8,25
0.4789,-0.5331,-0.3922,-0.256,-0.4109,-0.3922,-0.4856,-0.9825,-0.4388,-0.3417,1.9383,0.5623,0.44,0.5465,0.3681,1.7033,0.6504,25,1.75,18,1.63,2016,8,26
0.0176,-0.9428,-0.7424,-0.592,1.8628,-0.7424,-0.687,-0.0248,2.1227,-0.4137,1.8511,-0.4083,-0.3502,0.4537,-0.482,1.5894,-0.7096,9,0.18,6,0.4,2016,8,27
0.6733,-0.2751,-0.5415,-0.5912,-0.352,-0.5415,-0.3357,-0.1251,-0.3634,-0.75,1.887,-0.5494,-0.6426,0.4675,-0.7207,1.6231,0.2402,8,0.24,17,1.41,2016,8,28
-0.0703,0.3497,0.2303,0.1797,-0.4301,0.2304,0.0917,-0.7001,-0.3586,-1.0334,1.9088,-0.1355,-0.2913,0.4966,-0.3732,1.6478,0.5084,45,6.45,39,3.77,2016,8,29
-0.8795,0.5833,0.7786,0.9222,-0.5951,0.7786,0.5535,-0.7574,-0.4938,-0.384,1.9012,0.9425,0.9047,0.5253,0.8427,1.65,0.6081,61,3.1,46,5.92,2016,8,30
-0.4806,0.5749,0.9613,1.1248,-0.5835,0.9613,0.8424,-0.1681,-0.5338,0.921,1.9053,1.9665,2.1387,0.5255,2.1341,1.6552,0.5937,29,1.31,17,1.59,2016,8,31